{
  "module_names": [
    {
      "branches": 0,
      "branches_missing": 0,
      "branches_partial": 0,
      "coverage": 100,
      "lines": [],
      "lines_not_covered": [],
      "module": "",
      "sum_lines": 0,
      "sum_lines_not_covered": 0
    },
    {
      "branches": 0,
      "branches_missing": 0,
      "branches_partial": 0,
      "coverage": 90.0,
      "lines": [
        3,
        5,
        6,
        7,
        9,
        10,
        12,
        14,
        15,
        16
      ],
      "lines_not_covered": [
        16
      ],
      "module": "uc3m_consulting.enterprise_management_exception",
      "sum_lines": 10,
      "sum_lines_not_covered": 1
    },
    {
      "branches": 0,
      "branches_missing": 0,
      "branches_partial": 0,
      "coverage": 77.96610169491525,
      "lines": [
        2,
        3,
        4,
        6,
        8,
        15,
        16,
        17,
        18,
        19,
        20,
        21,
        22,
        24,
        25,
        27,
        29,
        39,
        40,
        42,
        44,
        45,
        46,
        48,
        49,
        51,
        53,
        54,
        55,
        57,
        58,
        60,
        61,
        62,
        63,
        65,
        66,
        68,
        69,
        70,
        71,
        73,
        74,
        76,
        77,
        78,
        79,
        81,
        82,
        84,
        85,
        86,
        87,
        89,
        90,
        92,
        94,
        95,
        97
      ],
      "lines_not_covered": [
        42,
        46,
        51,
        55,
        60,
        63,
        68,
        71,
        76,
        79,
        84,
        87,
        92
      ],
      "module": "uc3m_consulting.enterprise_project",
      "sum_lines": 59,
      "sum_lines_not_covered": 13
    },
    {
      "branches": 42,
      "branches_missing": 3,
      "branches_partial": 3,
      "coverage": 96.34146341463415,
      "lines": [
        2,
        3,
        5,
        6,
        8,
        10,
        11,
        13,
        18,
        19,
        20,
        21,
        24,
        25,
        26,
        27,
        30,
        31,
        34,
        35,
        36,
        37,
        40,
        41,
        42,
        43,
        46,
        47,
        48,
        49,
        50,
        52,
        53,
        54,
        55,
        56,
        57,
        60,
        61,
        62,
        64,
        65,
        66,
        68,
        69,
        71,
        72,
        74,
        76,
        77,
        78,
        79,
        81,
        82,
        83,
        84,
        85,
        87,
        90,
        91,
        95,
        97,
        98,
        99,
        101,
        102,
        103,
        104,
        105,
        107,
        108,
        109,
        111,
        112,
        113,
        114,
        116,
        118,
        119,
        120,
        121,
        123
      ],
      "lines_not_covered": [
        66,
        114,
        119
      ],
      "module": "uc3m_consulting.enterprise_manager",
      "sum_lines": 82,
      "sum_lines_not_covered": 3
    },
    {
      "branches": 0,
      "branches_missing": 0,
      "branches_partial": 0,
      "coverage": 100.0,
      "lines": [
        3,
        4,
        5,
        6
      ],
      "lines_not_covered": [],
      "module": "uc3m_consulting",
      "sum_lines": 4,
      "sum_lines_not_covered": 0
    },
    {
      "branches": 0,
      "branches_missing": 0,
      "branches_partial": 0,
      "coverage": 57.142857142857146,
      "lines": [
        2,
        3,
        5,
        8,
        9,
        10,
        11,
        12,
        13,
        14,
        16,
        18,
        25,
        27,
        31,
        32,
        34,
        36,
        37,
        38,
        40,
        41,
        43,
        44,
        45,
        46,
        48,
        49,
        51,
        52,
        53,
        54,
        57,
        58,
        60
      ],
      "lines_not_covered": [
        9,
        10,
        11,
        12,
        13,
        14,
        18,
        27,
        34,
        38,
        43,
        46,
        51,
        54,
        60
      ],
      "module": "uc3m_consulting.project_document",
      "sum_lines": 35,
      "sum_lines_not_covered": 15
    }
  ],
  "overall_branch_coverage": 92.85714285714286,
  "overall_branch_partial_coverage": 92.85714285714286,
  "overall_coverage": 83.15789473684211
}